{"loss":{"0":0.6734998226,"1":0.6676717997},"accuracy":{"0":0.5784999728,"1":0.5924999714},"val_loss":{"0":0.6572973728,"1":0.6498362422},"val_accuracy":{"0":0.6039999723,"1":0.61650002}}