{"loss":{"0":0.6947962046,"1":0.6924507618,"2":0.6876264215,"3":0.6789445281,"4":0.6797631979,"5":0.6718164086,"6":0.663274765,"7":0.6591937542,"8":0.656642437,"9":0.6437052488,"10":0.6326700449,"11":0.6241337061,"12":0.6238097548,"13":0.6169556975,"14":0.609375298,"15":0.6034711599,"16":0.6029558182,"17":0.6003810763,"18":0.5951319933,"19":0.6015483737,"20":0.5927760601,"21":0.5757219791,"22":0.5734995008,"23":0.572930932,"24":0.5777974129,"25":0.5622090101,"26":0.5710211396,"27":0.5578792095,"28":0.5633025765,"29":0.5594928265,"30":0.559282124,"31":0.5625580549,"32":0.5504133701,"33":0.545268476,"34":0.5489708781,"35":0.5514858961,"36":0.5377048254,"37":0.5339909196,"38":0.5273160934,"39":0.5361189246,"40":0.5297047496,"41":0.5132449865,"42":0.5257815123,"43":0.5013406873,"44":0.5100923181,"45":0.515722096,"46":0.5110198855,"47":0.5174723268,"48":0.5164213181,"49":0.5037030578,"50":0.5085427165,"51":0.5118704438,"52":0.5081499815,"53":0.4925538301,"54":0.4944899976,"55":0.5043693185,"56":0.4868619144,"57":0.4860075712,"58":0.5015749335,"59":0.4902476668,"60":0.4872680604,"61":0.4796416163,"62":0.4984763563,"63":0.4809167385,"64":0.4935521483,"65":0.4831682742,"66":0.4885473847,"67":0.460929811,"68":0.4804655015,"69":0.4707124233,"70":0.4794865847,"71":0.4760888219,"72":0.4695011973,"73":0.4597563446,"74":0.4564464986,"75":0.4736861885,"76":0.4708457887,"77":0.4556104243,"78":0.4566613436,"79":0.4551928639,"80":0.44777143,"81":0.4518978298,"82":0.45397681,"83":0.4571349621,"84":0.455373913,"85":0.4474985003,"86":0.4482986331,"87":0.4485737979,"88":0.4395857751,"89":0.4364348054,"90":0.4296355844,"91":0.4374864101,"92":0.4414272904,"93":0.4373304844,"94":0.4385059476,"95":0.4398387671,"96":0.438067466,"97":0.4366606772,"98":0.4293869734,"99":0.4434848726},"accuracy":{"0":0.50849998,"1":0.5254999995,"2":0.5335000157,"3":0.574000001,"4":0.5584999919,"5":0.5724999905,"6":0.5870000124,"7":0.5995000005,"8":0.6029999852,"9":0.6294999719,"10":0.6299999952,"11":0.6409999728,"12":0.6514999866,"13":0.6570000052,"14":0.6545000076,"15":0.6654999852,"16":0.6704999804,"17":0.6610000134,"18":0.6719999909,"19":0.6775000095,"20":0.6740000248,"21":0.6934999824,"22":0.6999999881,"23":0.7045000196,"24":0.6865000129,"25":0.7034999728,"26":0.6945000291,"27":0.7124999762,"28":0.7110000253,"29":0.7030000091,"30":0.7095000148,"31":0.7020000219,"32":0.7139999866,"33":0.7245000005,"34":0.7160000205,"35":0.7174999714,"36":0.7239999771,"37":0.7285000086,"38":0.7304999828,"39":0.7275000215,"40":0.7375000119,"41":0.7404999733,"42":0.7409999967,"43":0.7465000153,"44":0.7400000095,"45":0.7354999781,"46":0.7444999814,"47":0.7350000143,"48":0.7480000257,"49":0.7480000257,"50":0.7409999967,"51":0.738499999,"52":0.7444999814,"53":0.7670000196,"54":0.75849998,"55":0.7549999952,"56":0.7720000148,"57":0.7634999752,"58":0.75849998,"59":0.7695000172,"60":0.7609999776,"61":0.7779999971,"62":0.7659999728,"63":0.7745000124,"64":0.7595000267,"65":0.7724999785,"66":0.7630000114,"67":0.773999989,"68":0.7574999928,"69":0.7699999809,"70":0.7764999866,"71":0.7639999986,"72":0.7705000043,"73":0.7789999843,"74":0.7810000181,"75":0.7659999728,"76":0.7754999995,"77":0.7760000229,"78":0.7860000134,"79":0.7845000029,"80":0.7795000076,"81":0.7829999924,"82":0.7904999852,"83":0.7829999924,"84":0.7764999866,"85":0.7879999876,"86":0.7779999971,"87":0.7929999828,"88":0.7914999723,"89":0.8015000224,"90":0.7839999795,"91":0.7919999957,"92":0.7910000086,"93":0.8019999862,"94":0.800999999,"95":0.7904999852,"96":0.7990000248,"97":0.7950000167,"98":0.800999999,"99":0.7875000238},"val_loss":{"0":0.7031823993,"1":0.6877864599,"2":0.6777533889,"3":0.6831147671,"4":0.6765182018,"5":0.6974618435,"6":0.6567472219,"7":0.6454042196,"8":0.6332432628,"9":0.6215384603,"10":0.6203393936,"11":0.5968065262,"12":0.6165760159,"13":0.60674721,"14":0.5982400775,"15":0.6030775905,"16":0.5861644745,"17":0.5634660721,"18":0.5750492811,"19":0.5617535114,"20":0.678175211,"21":0.6089026332,"22":0.565508306,"23":0.5665011406,"24":0.6795377731,"25":0.5686089396,"26":0.5783366561,"27":0.556270957,"28":0.5435014963,"29":0.5355980396,"30":0.5238481164,"31":0.5403539538,"32":0.5814849138,"33":0.5296441317,"34":0.531000793,"35":0.568598628,"36":0.5131115317,"37":0.5207315683,"38":0.4954452813,"39":0.5471394658,"40":0.5514996052,"41":0.4875714481,"42":0.5052119493,"43":0.5280148983,"44":0.5065726638,"45":0.5068556666,"46":0.5232616663,"47":0.4981079102,"48":0.4932786226,"49":0.4787416458,"50":0.4821369946,"51":0.5584161878,"52":0.4986318052,"53":0.4854545295,"54":0.555631578,"55":0.4684050083,"56":0.4750088751,"57":0.4803388417,"58":0.4789758325,"59":0.506662786,"60":0.4615993202,"61":0.4924602807,"62":0.4853125513,"63":0.4681881666,"64":0.4482568502,"65":0.4755438268,"66":0.4609104693,"67":0.4821903706,"68":0.4633150697,"69":0.470939666,"70":0.4550171196,"71":0.4601061344,"72":0.4886508584,"73":0.4502963722,"74":0.4599746764,"75":0.4518709779,"76":0.4528495371,"77":0.4769336283,"78":0.4492686689,"79":0.4581084847,"80":0.4720336497,"81":0.4857344627,"82":0.4326744676,"83":0.4561188519,"84":0.4340410829,"85":0.456134975,"86":0.4439330399,"87":0.429984957,"88":0.5540465117,"89":0.4264418781,"90":0.5070906281,"91":0.4203232229,"92":0.4290133715,"93":0.4486555457,"94":0.4442746341,"95":0.4245331585,"96":0.4688988328,"97":0.5651613474,"98":0.56923002,"99":0.4375657439},"val_accuracy":{"0":0.5,"1":0.5019999743,"2":0.6039999723,"3":0.5525000095,"4":0.5444999933,"5":0.5325000286,"6":0.6065000296,"7":0.6200000048,"8":0.6370000243,"9":0.6424999833,"10":0.6374999881,"11":0.6779999733,"12":0.6434999704,"13":0.6579999924,"14":0.6650000215,"15":0.66049999,"16":0.6690000296,"17":0.7034999728,"18":0.69599998,"19":0.7049999833,"20":0.6104999781,"21":0.65200001,"22":0.6965000033,"23":0.7105000019,"24":0.5985000134,"25":0.6995000243,"26":0.7099999785,"27":0.7195000052,"28":0.72299999,"29":0.7254999876,"30":0.74150002,"31":0.7325000167,"32":0.7039999962,"33":0.7354999781,"34":0.7444999814,"35":0.6884999871,"36":0.75,"37":0.7365000248,"38":0.7674999833,"39":0.7264999747,"40":0.7105000019,"41":0.7680000067,"42":0.7544999719,"43":0.7375000119,"44":0.7505000234,"45":0.7549999952,"46":0.7509999871,"47":0.7540000081,"48":0.7475000024,"49":0.761500001,"50":0.75849998,"51":0.7030000091,"52":0.7534999847,"53":0.7574999928,"54":0.7360000014,"55":0.7749999762,"56":0.7745000124,"57":0.7659999728,"58":0.7724999785,"59":0.7490000129,"60":0.7785000205,"61":0.7649999857,"62":0.7624999881,"63":0.7684999704,"64":0.7894999981,"65":0.7714999914,"66":0.7850000262,"67":0.7574999928,"68":0.7789999843,"69":0.7814999819,"70":0.7879999876,"71":0.7835000157,"72":0.7684999704,"73":0.7820000052,"74":0.7785000205,"75":0.7804999948,"76":0.7975000143,"77":0.7845000029,"78":0.7910000086,"79":0.7845000029,"80":0.7879999876,"81":0.7714999914,"82":0.8000000119,"83":0.7814999819,"84":0.8000000119,"85":0.7875000238,"86":0.7954999804,"87":0.7990000248,"88":0.7365000248,"89":0.8000000119,"90":0.7820000052,"91":0.8109999895,"92":0.7954999804,"93":0.7904999852,"94":0.7910000086,"95":0.8059999943,"96":0.7774999738,"97":0.7250000238,"98":0.7250000238,"99":0.7969999909}}