{"loss":{"0":0.6930777431,"1":0.6872475743,"2":0.6820935607,"3":0.6668090224,"4":0.6627934575,"5":0.6541288495,"6":0.639655292,"7":0.6320427656,"8":0.6293247938,"9":0.6101815701,"10":0.6069120765,"11":0.602635622,"12":0.5975328684,"13":0.5798567533,"14":0.5904236436,"15":0.5753313303,"16":0.5703988671,"17":0.5719000101,"18":0.5715962648,"19":0.5566000938,"20":0.5664928555,"21":0.5510362983,"22":0.5645938516,"23":0.545440495,"24":0.5403262377,"25":0.5440271497,"26":0.5391052961,"27":0.5380177498,"28":0.5312706828,"29":0.5270648003,"30":0.5296623111,"31":0.5315910578,"32":0.5242111683,"33":0.5122117996,"34":0.5188353062,"35":0.5064651966,"36":0.5043435097,"37":0.5045448542,"38":0.5052224398,"39":0.5082672834,"40":0.4880125523,"41":0.4929296076,"42":0.4930693805,"43":0.4835772812,"44":0.4867261648,"45":0.4680775404,"46":0.489331454,"47":0.4732596576,"48":0.4798459411,"49":0.4786636233,"50":0.4789998233,"51":0.4699090123,"52":0.4736733437,"53":0.4737271667,"54":0.4807475209,"55":0.4681274295,"56":0.4769426882,"57":0.4657971263,"58":0.4624784589,"59":0.4524922967,"60":0.4527308941,"61":0.445744276,"62":0.4362655878,"63":0.4471595883,"64":0.4427709579,"65":0.4440396428,"66":0.4474410415,"67":0.4401021004,"68":0.4466861784,"69":0.4454515278,"70":0.445731014,"71":0.432194829,"72":0.4341044426,"73":0.4355209172,"74":0.4297780693,"75":0.4315483868,"76":0.4270485342,"77":0.432775408,"78":0.4073244929,"79":0.4247577786,"80":0.420350492,"81":0.4144216776,"82":0.4175454378,"83":0.4199706614,"84":0.4105634391,"85":0.4169270992,"86":0.4102463424,"87":0.4016713798,"88":0.4012930393,"89":0.4107778668,"90":0.4004617035,"91":0.3922741413,"92":0.401533097,"93":0.3945934176,"94":0.406341821,"95":0.3901825547,"96":0.4041313827,"97":0.4014323652,"98":0.3851177692,"99":0.381765306},"accuracy":{"0":0.5155000091,"1":0.5440000296,"2":0.559499979,"3":0.5950000286,"4":0.5935000181,"5":0.6060000062,"6":0.6315000057,"7":0.6445000172,"8":0.6405000091,"9":0.6669999957,"10":0.6535000205,"11":0.6535000205,"12":0.6744999886,"13":0.6819999814,"14":0.675999999,"15":0.6945000291,"16":0.6970000267,"17":0.6924999952,"18":0.7005000114,"19":0.7080000043,"20":0.7039999962,"21":0.7080000043,"22":0.7009999752,"23":0.7210000157,"24":0.7170000076,"25":0.7300000191,"26":0.726000011,"27":0.7269999981,"28":0.7285000086,"29":0.7329999804,"30":0.7340000272,"31":0.7325000167,"32":0.7315000296,"33":0.7429999709,"34":0.7450000048,"35":0.7440000176,"36":0.7505000234,"37":0.7590000033,"38":0.7509999871,"39":0.7419999838,"40":0.7630000114,"41":0.7810000181,"42":0.7509999871,"43":0.7674999833,"44":0.7565000057,"45":0.7789999843,"46":0.7684999704,"47":0.7754999995,"48":0.75,"49":0.7795000076,"50":0.7689999938,"51":0.7754999995,"52":0.7680000067,"53":0.7689999938,"54":0.7645000219,"55":0.7754999995,"56":0.7689999938,"57":0.7785000205,"58":0.7860000134,"59":0.7804999948,"60":0.7944999933,"61":0.7950000167,"62":0.7975000143,"63":0.7789999843,"64":0.7969999909,"65":0.7860000134,"66":0.7860000134,"67":0.7925000191,"68":0.788500011,"69":0.78549999,"70":0.7864999771,"71":0.7910000086,"72":0.7919999957,"73":0.8025000095,"74":0.7929999828,"75":0.8075000048,"76":0.7985000014,"77":0.7965000272,"78":0.8029999733,"79":0.8065000176,"80":0.8059999943,"81":0.80400002,"82":0.8029999733,"83":0.80400002,"84":0.8029999733,"85":0.8050000072,"86":0.8080000281,"87":0.8054999709,"88":0.8144999743,"89":0.8174999952,"90":0.8190000057,"91":0.8234999776,"92":0.8174999952,"93":0.8165000081,"94":0.8080000281,"95":0.8224999905,"96":0.8144999743,"97":0.8119999766,"98":0.8305000067,"99":0.8255000114},"val_loss":{"0":0.6878820658,"1":0.6776325107,"2":0.6666921973,"3":0.6559059024,"4":0.646601975,"5":0.6458106637,"6":0.6211839914,"7":0.5915985703,"8":0.6005967259,"9":0.5696416497,"10":0.5930809975,"11":0.5649527311,"12":0.6074190736,"13":0.5743075013,"14":0.565163672,"15":0.5459703207,"16":0.6043165922,"17":0.5808656812,"18":0.5257043839,"19":0.5260929465,"20":0.5799857378,"21":0.5832412243,"22":0.5751484036,"23":0.504778862,"24":0.5385562778,"25":0.5161718726,"26":0.5919968486,"27":0.5151479244,"28":0.5106648207,"29":0.4862695932,"30":0.5033402443,"31":0.490891397,"32":0.4758567214,"33":0.4823758006,"34":0.4996447563,"35":0.507393539,"36":0.4666396379,"37":0.5408437848,"38":0.4741204083,"39":0.4695070386,"40":0.4932833016,"41":0.4611302912,"42":0.4807746112,"43":0.4498441815,"44":0.4619781673,"45":0.5454601049,"46":0.5290014744,"47":0.4481206536,"48":0.4667451382,"49":0.4516550303,"50":0.4705851972,"51":0.4425144792,"52":0.4489177763,"53":0.4506639242,"54":0.4458813369,"55":0.4278996885,"56":0.4432635009,"57":0.5805626512,"58":0.4564397931,"59":0.4639613032,"60":0.4530575573,"61":0.4535403252,"62":0.4717528522,"63":0.4528379142,"64":0.4630717039,"65":0.4960098863,"66":0.6556013227,"67":0.4621620178,"68":0.5142499804,"69":0.451610893,"70":0.4403915107,"71":0.5131180882,"72":0.4288389683,"73":0.4366892576,"74":0.5228446126,"75":0.4587862194,"76":0.4175111353,"77":0.4454117417,"78":0.4444757402,"79":0.4178892076,"80":0.4403048158,"81":0.4185385108,"82":0.4149013162,"83":0.4280568957,"84":0.454500556,"85":0.4177402556,"86":0.4341227114,"87":0.458655566,"88":0.4046826661,"89":0.3957286477,"90":0.530554533,"91":0.4516210556,"92":0.4160515368,"93":0.5910369158,"94":0.4073763192,"95":0.3941988647,"96":0.3917291462,"97":0.5016374588,"98":0.3856275082,"99":0.3800272048},"val_accuracy":{"0":0.5910000205,"1":0.5360000134,"2":0.5839999914,"3":0.6175000072,"4":0.6209999919,"5":0.6000000238,"6":0.6424999833,"7":0.6949999928,"8":0.67900002,"9":0.7030000091,"10":0.6715000272,"11":0.7085000277,"12":0.6694999933,"13":0.6819999814,"14":0.6984999776,"15":0.7369999886,"16":0.6834999919,"17":0.7034999728,"18":0.7444999814,"19":0.7375000119,"20":0.7005000114,"21":0.6890000105,"22":0.699000001,"23":0.7605000138,"24":0.7429999709,"25":0.7559999824,"26":0.6984999776,"27":0.7425000072,"28":0.7519999743,"29":0.7710000277,"30":0.7524999976,"31":0.7595000267,"32":0.7789999843,"33":0.7699999809,"34":0.7540000081,"35":0.7484999895,"36":0.7870000005,"37":0.7250000238,"38":0.773999989,"39":0.7814999819,"40":0.7684999704,"41":0.7825000286,"42":0.7735000253,"43":0.7929999828,"44":0.7804999948,"45":0.7340000272,"46":0.7429999709,"47":0.7954999804,"48":0.7789999843,"49":0.7960000038,"50":0.7760000229,"51":0.7994999886,"52":0.7914999723,"53":0.7975000143,"54":0.7960000038,"55":0.8029999733,"56":0.8004999757,"57":0.7185000181,"58":0.7894999981,"59":0.7850000262,"60":0.7904999852,"61":0.7954999804,"62":0.7820000052,"63":0.7919999957,"64":0.7864999771,"65":0.7735000253,"66":0.6894999743,"67":0.7875000238,"68":0.7645000219,"69":0.7935000062,"70":0.8044999838,"71":0.7730000019,"72":0.809499979,"73":0.8029999733,"74":0.7555000186,"75":0.7935000062,"76":0.815500021,"77":0.8025000095,"78":0.800999999,"79":0.8130000234,"80":0.7900000215,"81":0.8080000281,"82":0.8180000186,"83":0.8029999733,"84":0.7919999957,"85":0.8140000105,"86":0.7979999781,"87":0.7820000052,"88":0.8264999986,"89":0.8190000057,"90":0.746999979,"91":0.8115000129,"92":0.8125,"93":0.7404999733,"94":0.8205000162,"95":0.8280000091,"96":0.8234999776,"97":0.7745000124,"98":0.8420000076,"99":0.836499989}}